﻿Designator,Footprint,Quantity,Value,LCSC Part #
"D1, D2, D3",WL-T7DS_0.39INCH,3,WL-T7DS_0.39INCH_COMMON-CATHODE,
"D10, D11, D4, D5, D6, D7, D8, D9",D_SOD-323_HandSoldering,8,US1M, C2128
"DS1, DS2, DS3",LED_HDSP-511Y,3,HDSP-511Y,
"J1, J3, J4",PinHeader_2x04_P2.54mm_Vertical,3,Conn_01x08_Pin,
"J2, J5, J6",PinHeader_1x02_P2.54mm_Vertical,3,Conn_01x02_Pin,
"R1, R2, R3, R4, R5, R6, R7, R8",0402,8,10k,C25744
"R10, R11, R12, R13, R14, R15, R16, R17, R18, R19, R20, R21, R22, R23, R24, R25, R26, R27, R28, R29, R9",0805,21,330,C17630
"U1, U2",DIP1555W45P254L3733H482Q28,2,AT28C64B-15PU,
"U3, U4, U5",DIP794W45P254L1969H508Q16,3,4056,
